enhancer_name,enhancer_seq,promoter_name,promoter_seq
NHEK|chr18:68051600-68052000,GGGATTTTTTTTTTTTTTCTCAAGACAAGGTCTCACTCTGTCGCCCAGGCTGGAATGCAGTGGTACAATCATGACTCACTGCAACTGTAACCACCCAAGGGGCTCACCTTGCCCGCTGCCTAGACAGAGCTGATTCATCAAGCCAGGGGAATTGCAATAGAGAAAGAGTAATTCATGCAGAGCTGGCTGTGCAGAAGACT,NHEK|chr18:67955800-67956600,GGGGGACAGGGACCGCAGCCGCCAAATCCGCGGGGCCGGGGAACGAGGAGACTTTCCTTTCCGCGTTAGCCGGGGCCACCCCCGCCAGAGGGAAAGCACCAAAGGAAAAACCAGGACAGGGACTCTGGGGGCCGGAGGAGCGGCCTCCTGCAGGCACCAGCGGAGGGGCGCGGGGGTGGGGGAAGGGATCAGGGCTCCGC
NHEK|chr1:12192000-12192200,GCCACCATGCCCAGCTAATTTTTGTATTTTTAGTAGAGATGGGGTTTCACCAGGTTGGCCAGGCTGGTCTGGAACTCCTGGCATCGTGATTTGCCCACCTCAGCCTCCCAAAATACTGGGATTACAGGCATGAGCCACCACGCCCAGTCTCATTTTTAAAAATAGTTTTAGATGTACAGAAAATTGGAGAAGACAGCACA,NHEK|chr1:12079000-12079600,AAAAAAAAAAAAAAAAAAAAAAAAAAAAAGCCGGGCATGGTGGCGCTCGCCTGTAGTCCCAGCTACTCGGGAGGCTGAGGCAGGAGAATCAATCGCTTGAACTCGGGAGGCAGAGATTGTGGTGAGCCGAGATCGCGCCACTGCACTCCAGCCTGGGCAACAGAGTGAGACTCCGTCTCCAAAAAAAAAAAAAAAAAGAA
NHEK|chr1:1441000-1441600,GCGCTGGCGTTACTGCTAGACCAAGGAGCCCTCTGGTGGCCCTGTCCGGGCGTAACGGAAGGCTCGCACTCTTGTCTTCCGGTCGCTTCTCACTATGTCCCTTCAGCTCCTATCTCGGTATGGCCTGGTTTTTCCTAGATTATGATTATAGAGCGAGGATTATTATAATATTGGAATAAAGAGCAATTGCTACAAACTAA,NHEK|chr1:1510200-1510400,CCGCAGCAGAGACCCGCACTCCACAAGGCCCGGCTGAGCGTCACGGCGCCAAGCGGCGGCGTCCTGACATCAGCACCCCGCGCCGGCGCCTAGTGTGACGCGACGACGTGCGGAACAACAGGACGTCATAAGGTGTCGCCGCCGCCTTTGGGAGCGATGCGAAACGCCGCGCTTGCCGGAGATAGCATTGAGGGCCCTTC
NHEK|chr6:123093400-123093600,CCCAAAATATGCAAAAAGTTCTCTCCTCAGTCACTATGTCAGATCTAGAAGCAGGCTAAGAATGGAATATTTAAATAATGGGAGGTAAAAGGAGAAAAAACTGCAGAAAATAGTAGAGAAATGAGAAGGACATTTCTCCAAAATGCTTCTTTTCAAGGGCATGCCATACCTGGAGATTTATCTCCCTCTGACCTAGTCTA,NHEK|chr6:122793000-122793400,TCAGCCTCGCGTCACTTCCTTCCAGGCCTGGGTAGGATAAAACACGGAGCGCGCAGCGCTGAGACTGCGCATGCGCGTCACTAGACGACACGGCTGTCTTCTTTCCTGGAGAATTTCTCAAGGACTGCTGGCTGGAAACTTAACGGCTAATGTGGATCTGACCGTAGTTTGCCAAATTAAGAAAACGGTGTGAGCAAAAC
NHEK|chr1:224634800-224635400,AGAGGGGGTTTATTAGGGAATTGGCTCACTGGATTCTGGAGGCTGAGAAGCCCCTCAATAGGGTGCATCTGCAAGCGGGAGCCCCTGGGATGCTGGTAGTGTGGCTCAGTCCAAGTCTGAAAGCCCTAGAACTAGGGAAGCTGATGGTGTACTTCTCAAACTGAAGTCAAAGGCCCAAGAACCTAGGGGGCTGCTGGTGT,NHEK|chr1:224544400-224544600,GCCCTGCCCACCTCTTTGATATGGACTTGTACTAATGAACTACAATTCCCAGCATGCGTCAGAATTAGGGCCGTAGAGTTTTTTAAAATATGGACTACAACTCCCGGCATGCCACACCAGGATTCGAGGACCACACGCCTCAGCCAGCCCCGGCAAGGGCCTATCAGGGGTGGGTCGGGGCATCCGAGCGGGTTTGACGG
NHEK|chr4:56620600-56621000,TGTCTCAGGTAGCATCCTGTGAGACACTGACACAGAAACTTCCAGAATTGCAAATTTAATATCAGACCCAGATGATGGGAATTCCACCACCCCATGAGTCAGCTTGGCTGCCAGTTAGCTAGCCCCCTTAAGTGGCTCTACCCCTTCATGTTATTAAAAAAAAAAGAAACATATGGTGGAGCACAGTGGCTCACATCTGT,NHEK|chr4:56719600-56719800,ATCTGAATAAATAACTCTTAATCCCCAACTCCCAAGTCAGTTTCTGTGCCACAAAGGCCCCGCCCCTGCCCTTCCCTGACACGCCCCTCCAATGAGGCCTTGTTCCGCCTGGCCACGCCCGTCGGTTGGCGCCCCGCCCCTCCGCGTCTATTGGCCGCTCCCTTTTTCTCCCATCGCTGCTTCTTCCTTCTCTACGCGGT
NHEK|chr3:155523200-155523400,CATAATGGTGCCACTGCACTCCAGGCGTGACAGAGGGAGACCCTGTCTCAAAAAAAAGAAATCTATTCGGGAGGCTGAGGTGGGAGATCACTTGAGGCCAGGAGTTGGAGGACAGCCTGGACAACATAGCAAGACTCCCAGTCTCTAACTCTAAAAGAAAGTAGTCGATGGGGTAGCGCACGCAACCTGTGGTTCCAGCT,NHEK|chr3:155588200-155588400,GGAGGGGCGGAGCCGGTGGATGCCGCGGGCTCCTCCTCCCAAGGGCGGGCCGCGGGAGACCCGGCCGGCTTTGCCGGCGGGGACCGGGCTGGGGGCGGGGCCGGGCGCCGCGAGCCCCTCCTCTCGAGGGCCGGCCGGTTTGGCGGCGGCTGCGGAGGGTATCTGAGGCTCGGCTGCCAAGCCGAACGGGCTCTGGCTCC
NHEK|chr5:176875800-176876200,CCCTGGGAAAACCCCAAGCCCTGGTCCTCGGCTCATGGGCTCCATGGCCTGCTCAGCTTGCAGTCTTGGCTGTGGGAGAGAAAATTTAGCAAAGATGGGTCCATGCACTGCTGCAGCCTGTGGGTGCTCAGTCTAGCTCCAGGCATTGGAAACCCACATGCTTCCAAGGATCAGGGGGGAAATGGAATGAGTGAGGCGGG,NHEK|chr5:176778600-176779000,GGCACCGCCGGCCCCAGCCCCAACGCCAAATCCAGCCTTCCGCCGCCATTCTCCTCTCCTCTCGGCCACTTCCGCCCTAGAACTTCCGCCTTCCGGGGGTCCCATCTATTGGCCTCCGGCCGGAAGCTCTTCAACTTTACTGTCGCCAGGGAGTCAAAAAGCAAAGCCTCCGCAGCAGACGGGGCGGCAGCTGCATTGGC
NHEK|chr9:5910800-5911000,CACACCTCTGAAGATGACTCCTTGGATTGGAAACCAATTGCAGGGCAACCCTGGGAGCCATGTGTTAAGGATGGAAGGTCACATGATGCAAGGAGCCTGGGTCATTACATCACCACTGAGAGCTCCTTATATATTCTGGTTATTAATCCCTTGTCAGATGGGTAGTTTGCTATTTTCTCCCATTCATGGGTTGTCTCTTT,NHEK|chr9:5833000-5833200,CAGCAGCCGACTCAGAACCCCACTCCATGGCCACGAGCCTCAGCTGCCAGCCCAACCGCCCCAACCCGCGACAGCCCCGGCCGCCGCCGACGCCGCCGTCGCTGCCGCAGCGCCTCCTAGTGAGCGGACGGAAACTGCAGAGGGCCAAACTTCTTCTGATTGGCCCGTCCCGCCGCGCCAAGACCCAGCTTCTTTGGCAG
NHEK|chr10:16480800-16481000,ATCCCAGCTACTGGAGAGGCTGAGGCACGAGAATTGCTTGAACCTGGGAGGCAGAGGCGGCTGTGAGCTGAGATCACACCACTGCACTCCAGCCTGGGTGTCAGAGCAAGACTCTGTCTCAAAAAAAAAAAAAAAAAAGGTAAGTGGTCTCTAGGTCGCTAGTGGATGTAATAATCTATGGATTTATGAGGATAAGATCC,NHEK|chr10:15412400-15413200,GGCAGGCTAGTGGCTAGTGGCGGCAGCGGACCTCGGGGCCCCGGGACACAGGGGGCACCCCGGGGCGTCAGCCACCCCCTCCCGCCACAACAAAAGGCCCCAGCGCAGCCCAGGAGCTGGGACTTCCCAGACCCGAGCCCGGCGTGGGGAGCCGGGAGCGCGATCGGGCGGCGCGCCCTGGGCGGCCCCTCTGTCCGCGG
NHEK|chr17:38467600-38469200,TCAGGAATGAACAGGCTGGGGTCTGGAGACTAGGAGAGGAGGAAACACACCAAGGTCCTCAGGACCTGGTTGATATTCGATGACCTTAATGTCAGTGTCACTGACTCTGACAAGGAGGAAAGGACAGCGATGAGCCAGGCTGACCCCCGCCACCCCATTCCCATAGCCCCACTTTCTTCTCTCTTCTTGTTCAGAAATGT,NHEK|chr17:38375400-38376000,TTTAGCTGGTAAGCGGAATTCCTGTGACCTTCCTAAGATGGCGTCCACTCAACCGCTTCCGCCTTTACGTGGGCCGGCAGGGGGCGGGCTTCCCAGGGGCGCATGCGTCTCGCATCTCTCCGCTCCCTGCTCTCTCCTCCTTTTTCCCCCGCCTCCATTTTGTTCGCGGACGCTGGGGACGGTGGGAGCAGATCCATTTC
NHEK|chr9:116396800-116397000,GGGTGACCTTCTCGCTCCCCATCTATCCAAGAAGGGGCCTTGGCTAGGTTCCTTCCTGTGCGGTGGGGAGGGTCGTGGAGGTCTGATTCGATTTCCTTGGAATTCCCCAAGCTGGGAAAGCTCAGAGCATTTCCCTAAAAGGCCTGGTGGATGACGGACTGGCTCAAAGAAGCATGGCTACATCAAAGAGAGGAAAGCAA,NHEK|chr9:116102200-116102600,AGACAGGGTTTCACTGTGTTGCCCAGGATGGTCTCGAACTCCTGAGCTCAGGCAATCCACCCGCCTCGGCCTCCCACAGTGCTAGGATTCCAGGCGTGAGCCACCGCGCCCGGCCTAAAGCTTATTTTTTATGTGTATGTGGAAAGCGGGGAGAAGAGTCCCCGAAGATGGGAACCTAGCGCCACCCAGCCCAAGGTTGG
NHEK|chr1:185335200-185335400,AGAGACTATACTAATTATCACAAAAAGCTTACAAAGGGCTCTAGGGAGTTCAGTGCCAAGGGAGAGACCTTATTAATTTGAATGGAAAAGGCTAGGCAGATGATTTGGGCTTTGGGACACTGGGATTTTGATGGGCAGAGCTGGCACTTTGAACAGTGATGAAAGGATACTCTATCTAGCTGAAACTACATGAGGAAGTC,NHEK|chr1:185126000-185126800,AGTGACCAAATCCTGTTAGTAGAAAACAGAAAGCCAGAGGCAGCGATTCCAGATGCCCGTCCGCTTCCCTTTCCCCGAGGCGTTACGACGCCACCACAAACTGCGCAGAAGCGTACTGGGGACGGCGTCCAATTGGGTAAGAGGGTTCGGTTTCTACGGTGCGTCTCCGGCCCACCGGCCAACCACCAAACCGAACAAAG
NHEK|chr10:62716000-62716200,TACAGTAAAAATATGAATAAAAGACTAAAAAAATGGTATGCCTGTATAGGGCATTTACTAGGAATGGAACATGCAGGACTGGAAGTTGTTCTGGGTGAGTCAGTGAGTAAATAGTGGGTGAATGTGAAGGCCTAGGACATTACTACACATTCCTGTAGACTTTATAAACACTGTACTCTCAGGCTACACTATATTCATAA,NHEK|chr10:62537600-62538200,AAATTTAATACATTTCAAATGTTTTTAATTGTATAATAAACAAAATGTAAATAATAAAATAATTTAATATTAAATTCAAAAATGAGGTAGAAACAAAGCACAGCGATATAAATAATAAATTTTCCTTTACATTTTTGAGGCGGTCTTTTGAGTTTTCCATTTCCTTCTTAAGGTCACTGAAATGTGCTCCTTGGAGCCAG
NHEK|chr6:119031400-119031800,GGACACACTGCAGCACTGGAGGGGCACAATGCCTTGCTTTAAAACATGGCTCAGAAGAACCATAATTGTTCATTGACAACTTAACCTACACATTGACTGGATGTTCTCCATAGGCCTTATGACAGCTCAAGAAGTATCTGTCAGGATGCAGTTTGAAAGACATCATTGTGCAAGTGTGAATCTCAAGGCTTCGGCTGCTA,NHEK|chr6:119255600-119256400,GTGCCTAACTGCACTGGCATCCCCCAGCTGTCTCCGGGAATCGCGGCAGCCCCGCCCCGCCCGCCTGCACCTGCCGGGAGCCCCGCCCCCTCCGCGCGGGCTGGCGGGACGCGCGCCCTCGGCCCCGCCCCACTCCCTCCGCCCCTCTCACTGCGGGGGCGCGCCATTTCGCGCCTCCGGGCCGCTCGGCTGCCCCAGGG
NHEK|chr1:228462800-228463000,AATCCAGGGAGGCTTTCTGGAGTAGGTGGGTGCATACTTAGCCTGATGGATGGCAGGGAAGAGAGAGTGGGGTTAGCACCAGTGCAAGCAGTGACATGGGCTTCCCATGCTGCTGAAGCCAGAAGCCAGAACTTGCCCTGAAGGGAAGTGGGAGTCATGGCAGGTTCTAGAGTAAGGGAGTGATGCAGCAGATTCACCTT,NHEK|chr1:228353200-228354000,GATAGGCCGAGTCCCCGCCCCGAAACACACCCCGCGCACGATGCTCCGCCCCACACGCATGCCCCACCCACCCAGCAGGCACGCTCGCCCCGCCCGCCCCTTCCAGCTCGGGAGGCCCTGCTCCTCACGCACGCACTCTCAGTCGGCCTCAACCGGCGCTGCTCCGCCCCTCAGGCACGCACGTTCCGTTCACCCCTCAC
NHEK|chr3:14339200-14339600,CCGACAACAATACCTCTCACCTGGCATCCGCAGCACCTCCATGCCCCCAACGCCAGCGCTCCGGCCGTCGCCCGCGCAGAGCCGTGAGAACACCCGGGAAGCGCGCAGGCTCTGGGCACCCCGTCCCCGCCGCAGCCTGGCCCGACCCTCCTGGCCCTGCGTGGGCGAACACGTGCAGGCCCTCCTGGCGCGCGCCCCAC,NHEK|chr3:14220000-14220400,GGCCTTGGATTTCTGGCTGCGCAGTTCGCGTCCCCGCGGCTCCCCGCCGGCCGCGCGTTTCCGAGCCATGTTGCTTGTCTGGGCAAATTCCACTTCGCGAGTGACGCACCCGGCCGCGATGCGCTAGAACGCCGGCCCCGCCCCGAGGCGGTGCGCTTGGCCACGCCCCTTCGTTGGAGGCCTAGTCACGCCCCTAAAGG
NHEK|chr19:18772000-18772200,TGGCCCAGGCTGCTGGCCCCTGATGTCTCCTCTGAGATGCCCTGCCAGTCAGCTGAACTGATCCTGCCTTCTGGGTTCCGGGCACCCTCTCTGCTTGCTGGGGAACCCACAGATCCCATGTTTGGAACACTGGCCCACCTCCCTGGTTTCCTGTTCCTCAGTCATCAGAGTAGCAGGGTGCAGGGCAGTAGCTCCTCTCC,NHEK|chr19:20149800-20150600,ATCACAGCACTTCCCACGCACAAACCACACACGGGGTCTGGACTCTGCCCTGAGGACGCTTCCATTGTCCCCGCAGTCGGGGCAGACGCAAGAACGCGCGCGGCTCTTCCCAGGGTGGGCTCCGGGCGGGAAGCGGGAGAACGGAACGGGATGCCCGCCCAGGGTCCCGGCTGCTGGCCCACCTCGCATCCTGTGCCCGG
NHEK|chr6:26520400-26520600,AAGCAAAATGACTTATCTAAGATTCTCCAGGTAGTGACCAGTTCTAGTTCTGTCTGAAATTCGTACTCAGGTCCCCTGACTTCCAGTCAGTGATATTCCGACCATGGCATCCTGACTGCTAACCCTTGCTAACAAAATTTGAAGTAGGTCACCTCTGACCTTTGTTTATGTTTAGAAAAGTTGTTGTGCTCAAGGCCTTC,NHEK|chr6:26659800-26660400,AAAGAAAAGCGAACCCGGCACGGACAAGACCTAGGAGCAACTCCCTTCGTGCGCCTAGACTAGAGGAGTTGGGGCCAGGCCGCCCACAGAGCGCTTTAACAGAGCGCTTCAAGGGCCCACAAGGCCGGCTACGCAAACCCTTTCAAGCTGGCTGGGAAGAGGCCGGCGCAGCCCCACCCCCGCAAGTCACATGATCACCC
NHEK|chr22:17738800-17739200,GTCCAGGCCGATCTCGAGGCTAGGAGCTAGCTGACTAGCCCTCCAGGACCATGCCAATTCACATATGAGAGTACACCAGACTTAGGCCCAGGAAGATTTACATGAGTTTGTGCCAGTATTAACCCCCGGAGATGCCTACCCAATCAGAGCCATTGCGCCAAGGCAAGGAAGGCATTGCCAGGGCGTTTGCATGACAGAAA,NHEK|chr22:17565800-17566000,AACCCCTCCCCGTCCCAGACTAAACTCCTCCCCTCGGCCCGGCCCGCCCCTGGGCCCGGGCTGGAAGCCGGAAGCGAGCAAAGTGGAGCCGACTCGAACTCCACCGCGGAAAAGAAAGCCTCAGAACGTTCGTTCGCTGCGTCCCCAGCCGGGGCCGAGCCCTCCGCGACGCCAGCCGGGCCATGGGGGCCGCACGCAGC
NHEK|chr10:73680800-73681400,AGGTTAGGAGCAGTTTAGGGAGGGTCAGAATCTTGTAGCCTCCAGCTGCATGACTTCTAAACTATAATTTCTAATCTTGTGGCTAATTTATTAGTCCTTACAAAGGCAGTCTTGTCCCCGGGCAAGAAGGAAGTTTGTTTTGGTAAAGGGCTGTTATTGTCTTTGTTTTAAACCATAAACTATAAACTAAGTTCCTCCCA,NHEK|chr10:73611000-73611200,CTGCAATGCGGAGCGTCAGCTGATCCCCCGCAGATATAAATCTGCCCTGCCCCAAAGCCGTCCAGAGCGCAGGCGCTAACCCCGCCCCATCCGGGCCTGCCCGAGCTCAACAGCGCCCTGACTCAGCGCCTCTGAGGGCGCCTGCGCGAAGGGGAGGCCAATAGGAGGGGGCAATGGGAGGGGCGAAAGGAAGGGCTATG
NHEK|chr16:2880400-2880600,TCTCTTCTTCCCACAGAGCCCTGGGATGCACCGGCCAGAGGCCATGCTGCTGCTGCTCACGCTTGCCCTCCTGGGGGGCCCCACCTGGGCAGGGAGTAAGTCAGTGGGGTCTGCCCTCAATCTCCCCTGCCTCCCTCCAGGAGAGCCAGGGACTCACCCGGCCCTTGTCCCAGACTAACTCTGGTCACAGAACCATCCTG,NHEK|chr16:3030400-3030600,ACGCCCGGGCGGAGGACTCCCGTGAGGGGGAACGGCCCGTGAACGCGCGCGGAGCTGCTCGCGCCAAAAATTCCAAACCGGCCTCGAGGCTCCTCCCCCTCCCCAGTGCAGCCCGTCAGGGGTGCCCGGGCTCCGAGGCTCCGCCCCTCGTGCTGCGTGCGCGCCGCCGAGCCGCCCCGCCGCTCACTGCGCAGGCGCAC
NHEK|chr15:42377600-42377800,CTGGACTGACCACAGGGAGATCTGGGTCAGGGCCATTTCCTCAGAGCCTGAGTCCTGAGACACTCCCTGGGCTGTGTGACATTACTCACGTTTCTTCCATCAGGAACTCCACATCCAGCTCCTCCTCTCCCTGAAATCAGAGAGCATGAGCAAGTCATCAGCACATACCTGTGTCTTCAGAGTTGACACAGTTCTTTTAC,NHEK|chr15:42500400-42500600,GCCGGGCTGGGGTCCGGAACGAGTCTGGGCTAAGGGTAGACCGGGATCCGGCCAGGAACCCCCCGGCTACAGGCCCTTCAACAACACAGCCATCGTCAACCCCGGACTTCCTGCTAGTTAGGCCCGCCTCTTCCGCAGCCGAAGTCCCGCCCCTTCCTCCCGGTGCACTCTAAATGAATTGTTTTGTTGCTGAGTTGCCA
NHEK|chr8:81004600-81004800,ATTTCTCAAAACAATTAAAAACAGAATTAACATATTAATAGATCCAGCAATCCTACTACTGGGTATTTGCCCAAATGTAAAGAAATCAGATGTCAAGGATATTTGCACGTGCGCGTTTATTGAAGCACTATTCACAATAGCAATGATATGGAATCAACCTATATTCATTAATAGTTGAATAAAGAAAATTGTGGTATATA,NHEK|chr8:80942200-80942600,CTATTCCCGACCCCGCCCACCGCGTCGTTGGCGTAATTCCCGCGACTCCCTCTCACCCGCCCGGGCTCCACCTTCTGTAGGGGCTCCACCTTCTGTAGAAGCTCCGAGTGCCGCTCCAACGCGCTCGCGAAACCGCCTGCGCGCGTCTTAGGCTCCTTGGCATTGGAACTACCACTTTCGGATCCACTCTCAGTGCCTAC
NHEK|chr7:152157200-152157400,CCTTCCCCCACTCTAAACCTCTGCCAAGCAGAGAGCCTCTGAGACTGCTCTGGAGAAAGGGGCTGCCTGCCAACTATCTGCCCACCTGGGGCCAGGGTGAGGGCAAGGCCAGTGGCTACATTCTGTGAACAGCTGGAAAAAAAGTAGGCAACACAGTGGCCTTGGGACAATGGCCTTCCCACTCTCCTTGTCACGAAATA,NHEK|chr7:152373200-152373600,TCCCGCCACCAACGCCATTCACCAACTGCGCAGACTCTACGGCCAGTCAAACCCGCCCACCCGCGCGCGTGCGCACTGCGCCAGGCCGCGGCCGGGGAGGCGGGAGCATGCGCAATAGGGTGTGCGGGCCTCCCCGCCCCGCCCCCAGTTCCTGTGACGTCAGACTTCCGCGTCCCCCGCGGCGCTCTCCCGCGTCCCCT
NHEK|chr6:31681800-31682000,CTTGCCTGGAGGGTCTCCTCTGCTCTCTCAGCATGTTGTCTCTGTAACTTAGCTTCCTCTCCTGCTCCTGAGTTGTGTCTGTCGCCTTCCCTCCTACTCCTCCCCCTCCCTCCCCATGTCTCAAGCTGCTCCCTGGCTCTCTCAGCTTCTCTCTGTCTTTGTTTTCTCTGTCTTTCCCCCTCAGTGCTTTCATGTCTCTC,NHEK|chr6:31774600-31774800,GAAACCGAAGCGCGAGCCCGCGCGTGGGGCGAGGCGGGACCGCGCAGGCGCAGCGGGAAGCGACGCAGAAAGCTCCAAGCGCTGACGGGCAAAGCGCGGCCGACTTGCGGCTGGGGAGCGCAAGCTGGGTAGAGTAGAGGGGAGGAGGAAGCCGGGAAAGGGGCGGGGTTTCCTTCATTCCGACTTCCTCCCTGGCCGGC
NHEK|chr1:16564600-16564800,ACATAACGTGACTTGTCTGAGGTCACACCGCACAGCTAGTCAGTGTGAAACCGACTCAGAACCCACAGCTGGCTGGGTGTGGTGGCTCACGCCTGTAATCCCAGCACTTTGGGAAGCTGAGGCGGGCAGATTGCTTAAGCTCAGGAGTTTGAGACCAACCTGGGCAACATAGTAAGACCCTGCCTCTACAAAAAAAAAAA,NHEK|chr1:16825400-16826000,CTGCGCCCTGCAGGCCGCTGCGCCCAGGCAGGCCTCTGCGCCCGGGCAGGCCTCGGCCTCCTGTCGCGCCCCCGGCCCGCGACAATCCGGGCAGGATGGGCGGCAGGACGCGGAGGGGCATCTGCGGAGCCCGTCGGGAACGCCCTCTTGGCTTCCGGTGCCGGGCAGCGGCGGGCGCGGCGCCCACAGCGCCCCTAGCC
NHEK|chr17:46114000-46114200,GGATGATAAGGAAACATTTCAGGGAACATGAGTAGAAATAGAGGAGACCCCTCATTTCAGGGAGCAGCACCTTGACAAGGCAGGAGGATGAGAAGGACCTCTGGAGGGGTCTAAGCTGAGCTGCCCTGAGTCACAGAGATCACAGTGGAGTTTCTCCTGAGACAGGAGTGTCAGCTGAGTGGGAACTGTGTCCCTCATGG,NHEK|chr17:46018800-46019000,CTCTGTTCTCGCTCTAATTGGCCTCGTTACCGAAAAGCTCCAACCAATGACCTCTCCGTGTCTGTCTCCCTCCTCCGATCCTGGAAACTCATTGGCTCCGAGGACTTAGGACCTGTTAGCTTGGTTGGGCGACTGGCAAATCCTTCCTTCCCCGGGGTAGAAGTCCAGGGTGAGAAATTGGTTCCGAACTCAAAGGAACC
NHEK|chr3:52353600-52354400,GGGGAACTGCCCAGAATGACCAGAGGCAGAAGCCTTGCTGGGAGCCATGTTCTTCTCCCTCCTGCCAGTCACACTCATTCCCAGGCAGAGACTGCTGTCACCCATGAGGCCGCGGCAGGAGGCAGACTGGGTCTTTCTTTCTGTCTGTCTGTCTAGCTCCTGAGTATACTGGTAATGCACAGGTGCACAGAGTTGGGGCA,NHEK|chr3:52444400-52444800,GGCGCAGGTGGGGCGAGAGGAGGGGCGGGGCAGGCTAGGGGAAAAGGCGGGGATGGGCGGGGCTGGGCGCGGATGGTGGGAGAGGAGGGACGGGGCGGGGCGGCGAACGGAAGGGGCGGGGGCGGGTGTTGGGCGCTGAGGCGCGAGAGGAGGGGATGGGCGGGGCGCGCGGCCGTTAGCGCGCGGCCGTTAGCGGTCGG
NHEK|chr19:13956600-13957200,GGGTAATCTAGAAAAAGGCAAGAGAGATGAGAGATGAAATGAGTGGAGGTTAGGTCAGGAAAGTCCTCCCTGAGGAGGAGGTGACTTTGAACAAAGACTTTTAGGCACTGAGGGAAAAGCCAGGAAGACATCGAGAGGAAGAGAGTTCCAGGTAGAGAACGGCCAGTGCACAGGCTTTGCGGTAGGACGGTGCCTGGAAC,NHEK|chr19:14063200-14063600,GGCATAGCGCGAGTGCGGGCTTTCGCCCAACCGGCGGGCCGCTGTCCCGAAAAAGGACCAATGAGGAGGCGGCAGGGGTGGGGCGAAGGGGCCGGTTGCTCCGGAAGTGGAGGGAGGGGGTGAAAATGGCGCCCAGCTCGAAATCGGAGCGGAACAGCGGGGCTGGGAGCGGCGGCGGCGGCCCCGGGGGAGCCGGAGGG
NHEK|chr14:35312200-35312800,ACCTAGAATAGTTCCTGCACATGGTCAGCTCTCAAAAGTTTAGTAGTCTTGTATTCATCTCCCTAAAATGACATACAGCAAGTTTCAAGAACAGTGACTATAATGTAAGAAAACTAGGGACTGGCTAAAAAAAAAAAAAAGATGAGTCATCACAGCTGGCAGATTCTTCACTTGTCTGACAAATATAAGGAGGATCTAAA,NHEK|chr14:35451600-35452200,CACCACCTGCCTCTAGCTCTGGTCACTTACACTTACGGTTAGTTCGCATCCACTGTAACAGCGCCTGGCGGTCGGCAGGAGCCACAGTGCGAAGCGGCCGCAGCATCACTGCCTGCCTCGCAGTGGGAAATTTTACCTTGCTGGAGCAAGCCGCGCAGGCACTGGCTGGCATTGCGCATGCGCAAGCAGAGACCGCCCCA
NHEK|chr17:76869600-76870000,CCTGAGCTCAAGTGATCCGCCCACCTCGGCCTCCCGAAGTGCTGGGATTACAGGTGTGAGCCGCAACGCCCGGACAGGTTTCTGAAGGAATTGAATTTGTGGGGAGCATGTCATCTCCACACAACTTTTCAGGCATTCGAGGATTAAGGGAAATCGGATCTATTTGCAGCTTGATGACCTCATCCTCTGCTCTAGTCCAC,NHEK|chr17:77005800-77006000,CTGGGCTTGGCTGGGCTAACGGCCGGGACGGAGGAAGGTGGCCGACTTCCGCCCCGCGCGCGCTCGCCCCGCCTCTGGGCCCGCGTTCCCGGCAGCCTCTGCTCTGCGGCTGCGCGCGGACGGCGCGAGGGCTGCTGGGAGCTGTGGTTTGTGTTTTTTTGGGTTTTTTTTTTGTTGTTTTTTTGTGTTTTTTTTTTCCG
